<?xml version="1.0" encoding="utf-8" standalone="yes" ?>
<rss version="2.0" xmlns:atom="http://www.w3.org/2005/Atom">
  <channel>
    <title>symbolic | Somak Aditya</title>
    <link>https://adityasomak.github.io/tags/symbolic/</link>
      <atom:link href="https://adityasomak.github.io/tags/symbolic/index.xml" rel="self" type="application/rss+xml" />
    <description>symbolic</description>
    <generator>Source Themes Academic (https://sourcethemes.com/academic/)</generator><language>en-us</language><lastBuildDate>Sun, 01 Mar 2020 00:00:00 +0000</lastBuildDate>
    <image>
      <url>https://adityasomak.github.io/img/icon-192.png</url>
      <title>symbolic</title>
      <link>https://adityasomak.github.io/tags/symbolic/</link>
    </image>
    
    <item>
      <title>Symbolic Mathematics</title>
      <link>https://adityasomak.github.io/project/symbolicmath/</link>
      <pubDate>Sun, 01 Mar 2020 00:00:00 +0000</pubDate>
      <guid>https://adityasomak.github.io/project/symbolicmath/</guid>
      <description>&lt;p&gt;In a recent work (&lt;a href=&#34;https://mathai-iclr.github.io/papers/papers/MATHAI_6_paper.pdf&#34; target=&#34;_blank&#34;&gt;PolySimp ICLR 2021 MathAI Workshop&lt;/a&gt;) with Navin Goyal and Vishesh Agarwal, we explored Transformers&amp;rsquo; abilities to perform multiple-step reasoning in well-defined purely symbolic tasks such as step-wise polynomial simplification.  Polynomials can be written in a simple normal form as a sum of monomials which are ordered in a lexicographic order. For a polynomial which is not necessarily in this normal form, a sequence of simplification steps is applied to reach the fully simplified (i.e., in the normal form) polynomial. We propose a synthetic Polynomial dataset generation algorithm that generates polynomials with unique proof steps.&lt;/p&gt;

&lt;p&gt;Through varying coefficient configurations, input representation, proof granularity, and extensive hyper-parameter tuning, we observe that Transformers consistently struggle with numeric multiplication. We explore two ways to mitigate this: Curriculum Learning and a Symbolic Calculator approach (where the numeric operations are offloaded to a calculator). Both approaches provide significant gains over the vanilla Transformers-based baseline.&lt;/p&gt;

&lt;!-- &lt;div&gt;
&lt;div id=&#34;References&#34; align=&#34;left&#34; style=&#34;width: 100%; overflow-y: hidden;&#34; class=&#34;wcustomhtml&#34;&gt;&lt;h3 style=&#34;margin-bottom:0px;&#34;&gt;References&lt;/h3&gt;
&lt;hr style=&#34;float: center&#34;&gt;&lt;/div&gt;
&lt;/div&gt;
&lt;ul&gt;
&lt;li&gt;
Vishesh Agarwal, Somak Aditya, Navin Goyal. Analyzing the Nuances of Transformers&#39; Polynomial Simplification Abilities. ICLR 2021 MathAI Workshop. 
&lt;/li&gt;
&lt;/ul&gt; --&gt;
</description>
    </item>
    
  </channel>
</rss>
