<?xml version="1.0" encoding="utf-8" standalone="yes" ?>
<rss version="2.0" xmlns:atom="http://www.w3.org/2005/Atom">
  <channel>
    <title>Publication_types | Somak Aditya</title>
    <link>https://adityasomak.github.io/publication_types/</link>
      <atom:link href="https://adityasomak.github.io/publication_types/index.xml" rel="self" type="application/rss+xml" />
    <description>Publication_types</description>
    <generator>Source Themes Academic (https://sourcethemes.com/academic/)</generator><language>en-us</language><lastBuildDate>Wed, 22 Sep 2021 00:00:00 +0000</lastBuildDate>
    <image>
      <url>https://adityasomak.github.io/img/icon-192.png</url>
      <title>Publication_types</title>
      <link>https://adityasomak.github.io/publication_types/</link>
    </image>
    
    <item>
      <title>1</title>
      <link>https://adityasomak.github.io/publication_types/1/</link>
      <pubDate>Wed, 22 Sep 2021 00:00:00 +0000</pubDate>
      <guid>https://adityasomak.github.io/publication_types/1/</guid>
      <description></description>
    </item>
    
    <item>
      <title>8</title>
      <link>https://adityasomak.github.io/publication_types/8/</link>
      <pubDate>Thu, 26 Aug 2021 00:00:00 +0000</pubDate>
      <guid>https://adityasomak.github.io/publication_types/8/</guid>
      <description></description>
    </item>
    
    <item>
      <title>3</title>
      <link>https://adityasomak.github.io/publication_types/3/</link>
      <pubDate>Thu, 22 Jul 2021 00:00:00 +0000</pubDate>
      <guid>https://adityasomak.github.io/publication_types/3/</guid>
      <description></description>
    </item>
    
    <item>
      <title>7</title>
      <link>https://adityasomak.github.io/publication_types/7/</link>
      <pubDate>Wed, 09 Jan 2019 00:00:00 +0000</pubDate>
      <guid>https://adityasomak.github.io/publication_types/7/</guid>
      <description></description>
    </item>
    
    <item>
      <title>2</title>
      <link>https://adityasomak.github.io/publication_types/2/</link>
      <pubDate>Mon, 18 Dec 2017 00:00:00 +0000</pubDate>
      <guid>https://adityasomak.github.io/publication_types/2/</guid>
      <description></description>
    </item>
    
  </channel>
</rss>
