<?xml version="1.0" encoding="utf-8" standalone="yes" ?>
<rss version="2.0" xmlns:atom="http://www.w3.org/2005/Atom">
  <channel>
    <title>Authors | Somak Aditya</title>
    <link>https://adityasomak.github.io/authors/</link>
      <atom:link href="https://adityasomak.github.io/authors/index.xml" rel="self" type="application/rss+xml" />
    <description>Authors</description>
    <generator>Source Themes Academic (https://sourcethemes.com/academic/)</generator><language>en-us</language><lastBuildDate>Wed, 22 Sep 2021 00:00:00 +0000</lastBuildDate>
    <image>
      <url>https://adityasomak.github.io/img/icon-192.png</url>
      <title>Authors</title>
      <link>https://adityasomak.github.io/authors/</link>
    </image>
    
    <item>
      <title>Aalok Sathe</title>
      <link>https://adityasomak.github.io/authors/aalok-sathe/</link>
      <pubDate>Wed, 22 Sep 2021 00:00:00 +0000</pubDate>
      <guid>https://adityasomak.github.io/authors/aalok-sathe/</guid>
      <description></description>
    </item>
    
    <item>
      <title>Karthikeyan K</title>
      <link>https://adityasomak.github.io/authors/karthikeyan-k/</link>
      <pubDate>Wed, 22 Sep 2021 00:00:00 +0000</pubDate>
      <guid>https://adityasomak.github.io/authors/karthikeyan-k/</guid>
      <description></description>
    </item>
    
    <item>
      <title>Monojit Choudhury</title>
      <link>https://adityasomak.github.io/authors/monojit-choudhury/</link>
      <pubDate>Wed, 22 Sep 2021 00:00:00 +0000</pubDate>
      <guid>https://adityasomak.github.io/authors/monojit-choudhury/</guid>
      <description></description>
    </item>
    
    <item>
      <title>Somak Aditya</title>
      <link>https://adityasomak.github.io/authors/somak-aditya/</link>
      <pubDate>Wed, 22 Sep 2021 00:00:00 +0000</pubDate>
      <guid>https://adityasomak.github.io/authors/somak-aditya/</guid>
      <description></description>
    </item>
    
    <item>
      <title>Abhinav Mishra</title>
      <link>https://adityasomak.github.io/authors/abhinav-mishra/</link>
      <pubDate>Thu, 26 Aug 2021 00:00:00 +0000</pubDate>
      <guid>https://adityasomak.github.io/authors/abhinav-mishra/</guid>
      <description></description>
    </item>
    
    <item>
      <title>Bhavy Khatri</title>
      <link>https://adityasomak.github.io/authors/bhavy-khatri/</link>
      <pubDate>Thu, 26 Aug 2021 00:00:00 +0000</pubDate>
      <guid>https://adityasomak.github.io/authors/bhavy-khatri/</guid>
      <description></description>
    </item>
    
    <item>
      <title>Kushal Chawla</title>
      <link>https://adityasomak.github.io/authors/kushal-chawla/</link>
      <pubDate>Thu, 26 Aug 2021 00:00:00 +0000</pubDate>
      <guid>https://adityasomak.github.io/authors/kushal-chawla/</guid>
      <description></description>
    </item>
    
    <item>
      <title>Pranil Joshi</title>
      <link>https://adityasomak.github.io/authors/pranil-joshi/</link>
      <pubDate>Thu, 26 Aug 2021 00:00:00 +0000</pubDate>
      <guid>https://adityasomak.github.io/authors/pranil-joshi/</guid>
      <description></description>
    </item>
    
    <item>
      <title>Sharmila Nangi Reddy</title>
      <link>https://adityasomak.github.io/authors/sharmila-nangi-reddy/</link>
      <pubDate>Thu, 26 Aug 2021 00:00:00 +0000</pubDate>
      <guid>https://adityasomak.github.io/authors/sharmila-nangi-reddy/</guid>
      <description></description>
    </item>
    
    <item>
      <title>Ishan Tarunesh</title>
      <link>https://adityasomak.github.io/authors/ishan-tarunesh/</link>
      <pubDate>Thu, 22 Jul 2021 00:00:00 +0000</pubDate>
      <guid>https://adityasomak.github.io/authors/ishan-tarunesh/</guid>
      <description></description>
    </item>
    
    <item>
      <title>Navin Goyal</title>
      <link>https://adityasomak.github.io/authors/navin-goyal/</link>
      <pubDate>Fri, 07 May 2021 00:00:00 +0000</pubDate>
      <guid>https://adityasomak.github.io/authors/navin-goyal/</guid>
      <description></description>
    </item>
    
    <item>
      <title>Vishesh Agarwal</title>
      <link>https://adityasomak.github.io/authors/vishesh-agarwal/</link>
      <pubDate>Fri, 07 May 2021 00:00:00 +0000</pubDate>
      <guid>https://adityasomak.github.io/authors/vishesh-agarwal/</guid>
      <description></description>
    </item>
    
    <item>
      <title>Atanu Sinha</title>
      <link>https://adityasomak.github.io/authors/atanu-sinha/</link>
      <pubDate>Thu, 22 Apr 2021 00:00:00 +0000</pubDate>
      <guid>https://adityasomak.github.io/authors/atanu-sinha/</guid>
      <description></description>
    </item>
    
    <item>
      <title>Pratik Joshi*</title>
      <link>https://adityasomak.github.io/authors/pratik-joshi/</link>
      <pubDate>Sat, 18 Jul 2020 00:00:00 +0000</pubDate>
      <guid>https://adityasomak.github.io/authors/pratik-joshi/</guid>
      <description></description>
    </item>
    
    <item>
      <title>Chitta Baral</title>
      <link>https://adityasomak.github.io/authors/chitta-baral/</link>
      <pubDate>Wed, 09 Jan 2019 00:00:00 +0000</pubDate>
      <guid>https://adityasomak.github.io/authors/chitta-baral/</guid>
      <description></description>
    </item>
    
    <item>
      <title>Rudra Saha</title>
      <link>https://adityasomak.github.io/authors/rudra-saha/</link>
      <pubDate>Wed, 09 Jan 2019 00:00:00 +0000</pubDate>
      <guid>https://adityasomak.github.io/authors/rudra-saha/</guid>
      <description></description>
    </item>
    
    <item>
      <title>Yezhou Yang</title>
      <link>https://adityasomak.github.io/authors/yezhou-yang/</link>
      <pubDate>Wed, 09 Jan 2019 00:00:00 +0000</pubDate>
      <guid>https://adityasomak.github.io/authors/yezhou-yang/</guid>
      <description></description>
    </item>
    
    <item>
      <title>Yiannis Aloimonos</title>
      <link>https://adityasomak.github.io/authors/yiannis-aloimonos/</link>
      <pubDate>Sun, 01 Jul 2018 00:00:00 +0000</pubDate>
      <guid>https://adityasomak.github.io/authors/yiannis-aloimonos/</guid>
      <description></description>
    </item>
    
    <item>
      <title>Cornelia Fermuller</title>
      <link>https://adityasomak.github.io/authors/cornelia-fermuller/</link>
      <pubDate>Mon, 18 Dec 2017 00:00:00 +0000</pubDate>
      <guid>https://adityasomak.github.io/authors/cornelia-fermuller/</guid>
      <description></description>
    </item>
    
    <item>
      <title>Arpit Sharma</title>
      <link>https://adityasomak.github.io/authors/arpit-sharma/</link>
      <pubDate>Sat, 25 Jul 2015 00:00:00 +0000</pubDate>
      <guid>https://adityasomak.github.io/authors/arpit-sharma/</guid>
      <description></description>
    </item>
    
    <item>
      <title>Barry Lumpkin</title>
      <link>https://adityasomak.github.io/authors/barry-lumpkin/</link>
      <pubDate>Sat, 25 Jul 2015 00:00:00 +0000</pubDate>
      <guid>https://adityasomak.github.io/authors/barry-lumpkin/</guid>
      <description></description>
    </item>
    
    <item>
      <title>Daniela Inclezan</title>
      <link>https://adityasomak.github.io/authors/daniela-inclezan/</link>
      <pubDate>Sat, 25 Jul 2015 00:00:00 +0000</pubDate>
      <guid>https://adityasomak.github.io/authors/daniela-inclezan/</guid>
      <description></description>
    </item>
    
    <item>
      <title>Dawn M Sweet</title>
      <link>https://adityasomak.github.io/authors/dawn-m-sweet/</link>
      <pubDate>Sat, 25 Jul 2015 00:00:00 +0000</pubDate>
      <guid>https://adityasomak.github.io/authors/dawn-m-sweet/</guid>
      <description></description>
    </item>
    
    <item>
      <title>Jenny Hastings</title>
      <link>https://adityasomak.github.io/authors/jenny-hastings/</link>
      <pubDate>Sat, 25 Jul 2015 00:00:00 +0000</pubDate>
      <guid>https://adityasomak.github.io/authors/jenny-hastings/</guid>
      <description></description>
    </item>
    
    <item>
      <title>Jieping Ye</title>
      <link>https://adityasomak.github.io/authors/jieping-ye/</link>
      <pubDate>Sat, 25 Jul 2015 00:00:00 +0000</pubDate>
      <guid>https://adityasomak.github.io/authors/jieping-ye/</guid>
      <description></description>
    </item>
    
    <item>
      <title>Joohyung Lee</title>
      <link>https://adityasomak.github.io/authors/joohyung-lee/</link>
      <pubDate>Sat, 25 Jul 2015 00:00:00 +0000</pubDate>
      <guid>https://adityasomak.github.io/authors/joohyung-lee/</guid>
      <description></description>
    </item>
    
    <item>
      <title>Nguyen Ha Vo</title>
      <link>https://adityasomak.github.io/authors/nguyen-ha-vo/</link>
      <pubDate>Sat, 25 Jul 2015 00:00:00 +0000</pubDate>
      <guid>https://adityasomak.github.io/authors/nguyen-ha-vo/</guid>
      <description></description>
    </item>
    
    <item>
      <title>Nguyen Vo</title>
      <link>https://adityasomak.github.io/authors/nguyen-vo/</link>
      <pubDate>Sat, 25 Jul 2015 00:00:00 +0000</pubDate>
      <guid>https://adityasomak.github.io/authors/nguyen-vo/</guid>
      <description></description>
    </item>
    
    <item>
      <title>Richard Scherl</title>
      <link>https://adityasomak.github.io/authors/richard-scherl/</link>
      <pubDate>Sat, 25 Jul 2015 00:00:00 +0000</pubDate>
      <guid>https://adityasomak.github.io/authors/richard-scherl/</guid>
      <description></description>
    </item>
    
    <item>
      <title>Zaw Naung</title>
      <link>https://adityasomak.github.io/authors/zaw-naung/</link>
      <pubDate>Sat, 25 Jul 2015 00:00:00 +0000</pubDate>
      <guid>https://adityasomak.github.io/authors/zaw-naung/</guid>
      <description></description>
    </item>
    
    <item>
      <title></title>
      <link>https://adityasomak.github.io/authors/admin/</link>
      <pubDate>Mon, 01 Jan 0001 00:00:00 +0000</pubDate>
      <guid>https://adityasomak.github.io/authors/admin/</guid>
      <description>&lt;p&gt;&lt;span style=&#34;color: red&#34;&gt;!!! Major Update: I have joined IIT Kharagpur CSE as an Assistant Professor on November 2021. I am looking for motivated Ph.D, MTech, and BTech students. !!!&lt;/span&gt; &lt;br/&gt;
I was a Postdoctoral Researcher at &lt;a href=&#34;https://www.microsoft.com/en-us/research/lab/microsoft-research-india/&#34; target=&#34;_blank&#34;&gt;Microsoft Research India&lt;/a&gt; advised by Dr. Monojit Choudhury. Prior to joining MSR India, I spent 1.5 years in Adobe Research as a full-time Researcher. I completed by Ph.D from &lt;a href=&#34;http://cidse.engineering.asu.edu/&#34; target=&#34;_blank&#34;&gt;CIDSE, Arizona State University&lt;/a&gt; in June 2018, under the supervision of &lt;a href=&#34;http://www.public.asu.edu/~cbaral/&#34; target=&#34;_blank&#34;&gt;Prof. Chitta Baral&lt;/a&gt; and &lt;a href=&#34;http://yezhouyang.engineering.asu.edu/&#34; target=&#34;_blank&#34;&gt;Prof. Yezhou Yang&lt;/a&gt;.&lt;/p&gt;

&lt;p&gt;Deployable AI systems should be able to reason with knowledge that is commonplace to humans. Thus, my research aims to &lt;b&gt;enhance, evaluate,&lt;/b&gt; and &lt;b&gt;explain&lt;/b&gt; different types of complex &lt;b&gt;reasoning abilities&lt;/b&gt; of AI systems. At MSRI, I explored &lt;em&gt;evaluation&lt;/em&gt; and &lt;em&gt;enhancement&lt;/em&gt; of reasoning capabilities of Transformers-based language models. Apart from end-to-end reasoning, I am paralley exploring multi-hop reasoning capabilities of neural methods in both &lt;a href=&#34;https://adityasomak.github.io/project/symbolicmath/&#34; target=&#34;_blank&#34;&gt;symbolic&lt;/a&gt; and &lt;a href=&#34;https://adityasomak.github.io/project/nlp/&#34; target=&#34;_blank&#34;&gt;natural language&lt;/a&gt; domains. During my Ph.D, I have explored &lt;em&gt;enhancement&lt;/em&gt; of reasoning capabilities of &lt;a href=&#34;https://adityasomak.github.io/project/pslvqa/&#34; target=&#34;_blank&#34;&gt;image understanding&lt;/a&gt; systems. Through a combination of Deep Learning, Knowledge Representation, and Probabilistic Logical Reasoning, I demonstrated the benefits of using reasoning and knowledge in Visual Question-Answering, Captioning, image puzzle solving and visual reasoning.&lt;/p&gt;

&lt;!-- My past work has been driven by two fundamental hypotheses: 1) knowledge and reasoning is fundamental to machine understanding (irrespective of the input modality), and 2) different types of reasoning may require different types of methods (deviating from *one-model-to-rule-them-all*). Lastly, to build deployable AI systems, interpretability and human-AI (extrinsic) trust is essential. In future, I would also explore how knowledge and reasoning plays a role in interpretable trusted AI systems. --&gt;

&lt;!-- my agenda in research is to devlop models that simultaneously learns from data, while being enriched by knowledge and capable of reasoning with such knowledge. 
Developing such models require three central considerations: *knowledge acquisition*, *representation* and *reasoning*. 
At MSRI and during my PhD, a fundamental observation was that, often an  equal measure of concentration is required for each application. --&gt;

&lt;!-- I completed my Ph.D. in Computer Science from [CIDSE, Arizona State University](http://cidse.engineering.asu.edu/). During my doctoral studies, 
Through a combination of Deep Learning, Knowledge Representation and Probabilistic Logical Reasoning; I demonstrated the benefits of using reasoning and knowledge in Visual Question-Answering (IJCAI, AAAI), Captioning (CVIU), image puzzle solving (UAI) and visual reasoning (WACV). --&gt;

&lt;!-- I completed my Masters (ME) in Computer Science from the [Indian Institute of Science, Bangalore](http://www.csa.iisc.ernet.in/) in 2011 with a concentration in 
Machine Learning under the supervision of [Prof. M Narasimha Murty](http://scholar.google.com/citations?user=VQZTmpcAAAAJ&amp;hl=en) (Dean, Faculty of Engineering, IISc). 
I have done my Bachelors in CS from Jadavpur University in 2009. Prior to joining PhD, I worked as a developer in the Next-Generation Sequencing (NGS) team at Strand Life Sciences 
for nearly 2.5 years.  --&gt;
</description>
    </item>
    
  </channel>
</rss>
