<?xml version="1.0" encoding="utf-8" standalone="yes" ?>
<rss version="2.0" xmlns:atom="http://www.w3.org/2005/Atom">
  <channel>
    <title>Atanu Sinha | Somak Aditya</title>
    <link>https://adityasomak.github.io/authors/atanu-sinha/</link>
      <atom:link href="https://adityasomak.github.io/authors/atanu-sinha/index.xml" rel="self" type="application/rss+xml" />
    <description>Atanu Sinha</description>
    <generator>Source Themes Academic (https://sourcethemes.com/academic/)</generator><language>en-us</language><lastBuildDate>Thu, 22 Apr 2021 00:00:00 +0000</lastBuildDate>
    <image>
      <url>https://adityasomak.github.io/img/icon-192.png</url>
      <title>Atanu Sinha</title>
      <link>https://adityasomak.github.io/authors/atanu-sinha/</link>
    </image>
    
    <item>
      <title>Creating a knowledge graph based on text-based knowledge corpora</title>
      <link>https://adityasomak.github.io/publication/makrstaraipatent/</link>
      <pubDate>Thu, 22 Apr 2021 00:00:00 +0000</pubDate>
      <guid>https://adityasomak.github.io/publication/makrstaraipatent/</guid>
      <description>&lt;p&gt;In some embodiments, a knowledge graph generation system extracts noun-phrases from sentences of a knowledge corpora and determines the relations between the noun-phrases based on a relation classifier that is configured to predict a relation between a pair of entities without restricting the entities to a set of named entities. The knowledge graph generation system further generates a sub-graph for each of the sentences based on the noun-phrases and the determined relations. Nodes or entities of the sub-graph represent the non-phrases in the sentence and edges represent the relations between the noun-phrases connected by the respective edges. The knowledge graph generation system merges the sub-graphs to generate the knowledge graph for the knowledge corpora.&lt;/p&gt;
</description>
    </item>
    
    <item>
      <title>Uncovering Relations for Marketing Knowledge Representation</title>
      <link>https://adityasomak.github.io/publication/makrstarai/</link>
      <pubDate>Fri, 07 Feb 2020 00:00:00 +0000</pubDate>
      <guid>https://adityasomak.github.io/publication/makrstarai/</guid>
      <description>&lt;p&gt;Online behaviors of consumers and marketers generate massive marketing data, which ever more sophisticated models attempt to turn into insights and aid decisions by
marketers. Yet, in making decisions human managers bring to bear marketing knowledge which reside outside of data and models. Thus, it behooves creation of an automated
marketing knowledge base that can interact with data and models. Currently, marketing knowledge is dispersed in large corpora, but no definitive knowledge base for
marketing exists. Out of the two broad aspects of marketing knowledge - representation and reasoning - this treatise focuses on the former. Specifically,
we focus on creation of marketing knowledge graph from corpora, which requires identification of entities and relations. The relation identification task is
particularly challenging in marketing, because of the non-factoid nature of much marketing knowledge, and the difficulty of forming rules that govern relations.
Specifically, we define a set of relations to capture marketing knowledge, propose a pipeline for creating the knowledge graph from text and propose a
rule-guided semi-supervised relation prediction algorithm to extract relations between marketing entities from sentences.&lt;/p&gt;
</description>
    </item>
    
  </channel>
</rss>
