<?xml version="1.0" encoding="utf-8" standalone="yes" ?>
<rss version="2.0" xmlns:atom="http://www.w3.org/2005/Atom">
  <channel>
    <title>NLP | Somak Aditya</title>
    <link>https://adityasomak.github.io/tags/nlp/</link>
      <atom:link href="https://adityasomak.github.io/tags/nlp/index.xml" rel="self" type="application/rss+xml" />
    <description>NLP</description>
    <generator>Source Themes Academic (https://sourcethemes.com/academic/)</generator><language>en-us</language><lastBuildDate>Mon, 27 Apr 2015 00:00:00 +0000</lastBuildDate>
    <image>
      <url>https://adityasomak.github.io/img/icon-192.png</url>
      <title>NLP</title>
      <link>https://adityasomak.github.io/tags/nlp/</link>
    </image>
    
    <item>
      <title>K-Parser: A Knowledge Parser</title>
      <link>https://adityasomak.github.io/project/kparser/</link>
      <pubDate>Mon, 27 Apr 2015 00:00:00 +0000</pubDate>
      <guid>https://adityasomak.github.io/project/kparser/</guid>
      <description></description>
    </item>
    
  </channel>
</rss>
