<?xml version="1.0" encoding="utf-8" standalone="yes" ?>
<rss version="2.0" xmlns:atom="http://www.w3.org/2005/Atom">
  <channel>
    <title>Posts | Somak Aditya</title>
    <link>https://adityasomak.github.io/post/</link>
      <atom:link href="https://adityasomak.github.io/post/index.xml" rel="self" type="application/rss+xml" />
    <description>Posts</description>
    <generator>Source Themes Academic (https://sourcethemes.com/academic/)</generator><language>en-us</language>
    <image>
      <url>https://adityasomak.github.io/img/icon-192.png</url>
      <title>Posts</title>
      <link>https://adityasomak.github.io/post/</link>
    </image>
    
  </channel>
</rss>
