<?xml version="1.0" encoding="utf-8" standalone="yes" ?>
<rss version="2.0" xmlns:atom="http://www.w3.org/2005/Atom">
  <channel>
    <title>Demo on Somak Aditya</title>
    <link>https://adityasomak.github.io/tags/demo/</link>
    <description>Recent content in Demo on Somak Aditya</description>
    <generator>Hugo -- gohugo.io</generator>
    <language>en-us</language>
    <lastBuildDate>Sun, 27 Nov 2016 00:00:00 +0000</lastBuildDate>
    <atom:link href="/tags/demo/" rel="self" type="application/rss+xml" />
    
    <item>
      <title>From Images to Sentences</title>
      <link>https://adityasomak.github.io/project/example-external-project/</link>
      <pubDate>Sun, 27 Nov 2016 00:00:00 +0000</pubDate>
      
      <guid>https://adityasomak.github.io/project/example-external-project/</guid>
      <description></description>
    </item>
    
    <item>
      <title>K-Parser: A Knowledge Parser</title>
      <link>https://adityasomak.github.io/project/kparser/</link>
      <pubDate>Mon, 27 Apr 2015 00:00:00 +0000</pubDate>
      
      <guid>https://adityasomak.github.io/project/kparser/</guid>
      <description></description>
    </item>
    
  </channel>
</rss>
