<?xml version="1.0" encoding="utf-8" standalone="yes" ?>
<rss version="2.0" xmlns:atom="http://www.w3.org/2005/Atom">
  <channel>
    <title>Tags | Somak Aditya</title>
    <link>https://adityasomak.github.io/tags/</link>
      <atom:link href="https://adityasomak.github.io/tags/index.xml" rel="self" type="application/rss+xml" />
    <description>Tags</description>
    <generator>Source Themes Academic (https://sourcethemes.com/academic/)</generator><language>en-us</language><lastBuildDate>Sun, 01 Mar 2020 00:00:00 +0000</lastBuildDate>
    <image>
      <url>https://adityasomak.github.io/img/icon-192.png</url>
      <title>Tags</title>
      <link>https://adityasomak.github.io/tags/</link>
    </image>
    
    <item>
      <title>ATP</title>
      <link>https://adityasomak.github.io/tags/atp/</link>
      <pubDate>Sun, 01 Mar 2020 00:00:00 +0000</pubDate>
      <guid>https://adityasomak.github.io/tags/atp/</guid>
      <description></description>
    </item>
    
    <item>
      <title>deep-learning</title>
      <link>https://adityasomak.github.io/tags/deep-learning/</link>
      <pubDate>Sun, 01 Mar 2020 00:00:00 +0000</pubDate>
      <guid>https://adityasomak.github.io/tags/deep-learning/</guid>
      <description></description>
    </item>
    
    <item>
      <title>Logic</title>
      <link>https://adityasomak.github.io/tags/logic/</link>
      <pubDate>Sun, 01 Mar 2020 00:00:00 +0000</pubDate>
      <guid>https://adityasomak.github.io/tags/logic/</guid>
      <description></description>
    </item>
    
    <item>
      <title>symbolic</title>
      <link>https://adityasomak.github.io/tags/symbolic/</link>
      <pubDate>Sun, 01 Mar 2020 00:00:00 +0000</pubDate>
      <guid>https://adityasomak.github.io/tags/symbolic/</guid>
      <description></description>
    </item>
    
    <item>
      <title>transformers</title>
      <link>https://adityasomak.github.io/tags/transformers/</link>
      <pubDate>Sun, 01 Mar 2020 00:00:00 +0000</pubDate>
      <guid>https://adityasomak.github.io/tags/transformers/</guid>
      <description></description>
    </item>
    
    <item>
      <title>common-sense</title>
      <link>https://adityasomak.github.io/tags/common-sense/</link>
      <pubDate>Wed, 24 Feb 2016 00:00:00 +0000</pubDate>
      <guid>https://adityasomak.github.io/tags/common-sense/</guid>
      <description></description>
    </item>
    
    <item>
      <title>Knowledge Acqusition</title>
      <link>https://adityasomak.github.io/tags/knowledge-acqusition/</link>
      <pubDate>Wed, 24 Feb 2016 00:00:00 +0000</pubDate>
      <guid>https://adityasomak.github.io/tags/knowledge-acqusition/</guid>
      <description></description>
    </item>
    
    <item>
      <title>Language</title>
      <link>https://adityasomak.github.io/tags/language/</link>
      <pubDate>Wed, 24 Feb 2016 00:00:00 +0000</pubDate>
      <guid>https://adityasomak.github.io/tags/language/</guid>
      <description></description>
    </item>
    
    <item>
      <title>Semantic Parsing</title>
      <link>https://adityasomak.github.io/tags/semantic-parsing/</link>
      <pubDate>Wed, 24 Feb 2016 00:00:00 +0000</pubDate>
      <guid>https://adityasomak.github.io/tags/semantic-parsing/</guid>
      <description></description>
    </item>
    
    <item>
      <title>soft-logic</title>
      <link>https://adityasomak.github.io/tags/soft-logic/</link>
      <pubDate>Sun, 08 Nov 2015 00:00:00 +0000</pubDate>
      <guid>https://adityasomak.github.io/tags/soft-logic/</guid>
      <description></description>
    </item>
    
    <item>
      <title>Vision</title>
      <link>https://adityasomak.github.io/tags/vision/</link>
      <pubDate>Sun, 08 Nov 2015 00:00:00 +0000</pubDate>
      <guid>https://adityasomak.github.io/tags/vision/</guid>
      <description></description>
    </item>
    
    <item>
      <title>Vision and Language</title>
      <link>https://adityasomak.github.io/tags/vision-and-language/</link>
      <pubDate>Sun, 08 Nov 2015 00:00:00 +0000</pubDate>
      <guid>https://adityasomak.github.io/tags/vision-and-language/</guid>
      <description></description>
    </item>
    
  </channel>
</rss>
