<?xml version="1.0" encoding="utf-8" standalone="yes" ?>
<rss version="2.0" xmlns:atom="http://www.w3.org/2005/Atom">
  <channel>
    <title>Somak Aditya</title>
    <link>https://adityasomak.github.io/authors/admin/</link>
      <atom:link href="https://adityasomak.github.io/authors/admin/index.xml" rel="self" type="application/rss+xml" />
    <description>Somak Aditya</description>
    <generator>Source Themes Academic (https://sourcethemes.com/academic/)</generator><language>en-us</language>
    <image>
      <url>https://adityasomak.github.io/img/icon-192.png</url>
      <title>Somak Aditya</title>
      <link>https://adityasomak.github.io/authors/admin/</link>
    </image>
    
  </channel>
</rss>
